post_id,title,author,score,num_comments,created_utc,selftext,url,subreddit,scraped_at
1,New to r/Fitness? CLICK HERE FIRST!,MCHammerCurls,1877,0,2022-01-03 07:49:33,"# Welcome to r/Fitness - Reddit's #1 Health and Fitness community!

r/Fitness is a **self-help** community.  Before asking questions, you are expected to have made a good faith effort to find an answe",https://www.reddit.com/r/Fitness/comments/rv4o9f/new_to_rfitness_click_here_first/,Fitness,2026-01-23 16:05:32
2,"Daily Simple Questions Thread - January 23, 2026",AutoModerator,14,48,2026-01-23 02:01:28,Welcome to the [/r/Fitness](https://old.reddit.com/r/Fitness) Daily Simple Questions Thread - Our daily thread to ask about all things fitness. Post your questions here related to your diet and nutrit,https://www.reddit.com/r/Fitness/comments/1qkmw9e/daily_simple_questions_thread_january_23_2026/,Fitness,2026-01-23 16:05:32
3,Physique Phriday,AutoModerator,18,6,2026-01-23 02:00:41,"**Welcome to the Physique Phriday thread**

What's the point of having people guess your body fat? Nevermind that it's the most inaccurate method available, (read: most likely way wrong - [see here](h",https://www.reddit.com/r/Fitness/comments/1qkmvpm/physique_phriday/,Fitness,2026-01-23 16:05:32
4,"Daily Simple Questions Thread - January 22, 2026",AutoModerator,27,95,2026-01-22 02:01:24,Welcome to the [/r/Fitness](https://old.reddit.com/r/Fitness) Daily Simple Questions Thread - Our daily thread to ask about all things fitness. Post your questions here related to your diet and nutrit,https://www.reddit.com/r/Fitness/comments/1qjqmpo/daily_simple_questions_thread_january_22_2026/,Fitness,2026-01-23 16:05:32
5,"Rant Wednesday - January 21, 2026",AutoModerator,43,171,2026-01-21 02:00:27,"Welcome to Rant Wednesday: It’s your time to let your gym/fitness/nutrition related frustrations out!

There is no guiding question to help stir up some rage-feels, feel free to fire at will, ranting ",https://www.reddit.com/r/Fitness/comments/1qitxrf/rant_wednesday_january_21_2026/,Fitness,2026-01-23 16:05:32
6,"Daily Simple Questions Thread - January 21, 2026",AutoModerator,10,92,2026-01-21 02:00:27,Welcome to the [/r/Fitness](https://old.reddit.com/r/Fitness) Daily Simple Questions Thread - Our daily thread to ask about all things fitness. Post your questions here related to your diet and nutrit,https://www.reddit.com/r/Fitness/comments/1qitxr4/daily_simple_questions_thread_january_21_2026/,Fitness,2026-01-23 16:05:32
7,"Daily Simple Questions Thread - January 20, 2026",AutoModerator,29,90,2026-01-20 02:01:16,Welcome to the [/r/Fitness](https://old.reddit.com/r/Fitness) Daily Simple Questions Thread - Our daily thread to ask about all things fitness. Post your questions here related to your diet and nutrit,https://www.reddit.com/r/Fitness/comments/1qhx4ti/daily_simple_questions_thread_january_20_2026/,Fitness,2026-01-23 16:05:32
8,Moronic Monday - Your weekly stupid questions thread,cdingo,40,213,2026-01-19 00:16:59,"Get your dunce hats out, Fittit, it's time for your weekly Stupid Questions Thread.

Post your question - stupid or otherwise - here to get an answer. Anyone can post a question and the community as a",https://www.reddit.com/r/Fitness/comments/1qgyiqo/moronic_monday_your_weekly_stupid_questions_thread/,Fitness,2026-01-23 16:05:32
9,Victory Sunday,AutoModerator,27,42,2026-01-18 02:00:38,"**Welcome to the Victory Sunday Thread**

It is Sunday, 6:00 am here in the eastern half of Hyder, Alaska. It's time to ask yourself: What was the one, best thing you did on behalf of your fitness thi",https://www.reddit.com/r/Fitness/comments/1qg4spp/victory_sunday/,Fitness,2026-01-23 16:05:32
10,"Daily Simple Questions Thread - January 18, 2026",AutoModerator,20,126,2026-01-18 02:01:09,Welcome to the [/r/Fitness](https://old.reddit.com/r/Fitness) Daily Simple Questions Thread - Our daily thread to ask about all things fitness. Post your questions here related to your diet and nutrit,https://www.reddit.com/r/Fitness/comments/1qg4t37/daily_simple_questions_thread_january_18_2026/,Fitness,2026-01-23 16:05:32
11,Gym Story Saturday,FGC_Valhalla,48,118,2026-01-17 00:28:11,Hi! Welcome to your weekly thread where you can share your gym tales!,https://www.reddit.com/r/Fitness/comments/1qf7xkf/gym_story_saturday/,Fitness,2026-01-23 16:05:32
12,"Daily Simple Questions Thread - January 17, 2026",AutoModerator,16,99,2026-01-17 02:01:09,Welcome to the [/r/Fitness](https://old.reddit.com/r/Fitness) Daily Simple Questions Thread - Our daily thread to ask about all things fitness. Post your questions here related to your diet and nutrit,https://www.reddit.com/r/Fitness/comments/1qf9fm9/daily_simple_questions_thread_january_17_2026/,Fitness,2026-01-23 16:05:32
13,"Daily Simple Questions Thread - January 16, 2026",AutoModerator,24,116,2026-01-16 02:00:54,Welcome to the [/r/Fitness](https://old.reddit.com/r/Fitness) Daily Simple Questions Thread - Our daily thread to ask about all things fitness. Post your questions here related to your diet and nutrit,https://www.reddit.com/r/Fitness/comments/1qec1zg/daily_simple_questions_thread_january_16_2026/,Fitness,2026-01-23 16:05:32
14,Physique Phriday,AutoModerator,9,15,2026-01-16 02:00:12,"**Welcome to the Physique Phriday thread**

What's the point of having people guess your body fat? Nevermind that it's the most inaccurate method available, (read: most likely way wrong - [see here](h",https://www.reddit.com/r/Fitness/comments/1qec1dl/physique_phriday/,Fitness,2026-01-23 16:05:32
15,Monthly Fitness Pro-Tips Megathread,AutoModerator,37,40,2026-01-15 02:00:41,"**Welcome to the Monthly Fitness Pro-Tips Megathread!**

This thread is for sharing quick tips (don't you dare call them hacks, that word is stupid) about training, equipment use, nutrition, or other ",https://www.reddit.com/r/Fitness/comments/1qdfmcn/monthly_fitness_protips_megathread/,Fitness,2026-01-23 16:05:32
16,"Daily Simple Questions Thread - January 15, 2026",AutoModerator,11,85,2026-01-15 02:01:16,Welcome to the [/r/Fitness](https://old.reddit.com/r/Fitness) Daily Simple Questions Thread - Our daily thread to ask about all things fitness. Post your questions here related to your diet and nutrit,https://www.reddit.com/r/Fitness/comments/1qdfms6/daily_simple_questions_thread_january_15_2026/,Fitness,2026-01-23 16:05:32
17,"Rant Wednesday - January 14, 2026",AutoModerator,31,234,2026-01-14 02:01:04,"Welcome to Rant Wednesday: It’s your time to let your gym/fitness/nutrition related frustrations out!

There is no guiding question to help stir up some rage-feels, feel free to fire at will, ranting ",https://www.reddit.com/r/Fitness/comments/1qcjgcd/rant_wednesday_january_14_2026/,Fitness,2026-01-23 16:05:32
18,"Daily Simple Questions Thread - January 14, 2026",AutoModerator,7,130,2026-01-14 02:01:03,Welcome to the [/r/Fitness](https://old.reddit.com/r/Fitness) Daily Simple Questions Thread - Our daily thread to ask about all things fitness. Post your questions here related to your diet and nutrit,https://www.reddit.com/r/Fitness/comments/1qcjgby/daily_simple_questions_thread_january_14_2026/,Fitness,2026-01-23 16:05:32
19,"Daily Simple Questions Thread - January 13, 2026",AutoModerator,20,101,2026-01-13 02:01:20,Welcome to the [/r/Fitness](https://old.reddit.com/r/Fitness) Daily Simple Questions Thread - Our daily thread to ask about all things fitness. Post your questions here related to your diet and nutrit,https://www.reddit.com/r/Fitness/comments/1qbnhgl/daily_simple_questions_thread_january_13_2026/,Fitness,2026-01-23 16:05:32
20,Moronic Monday - Your weekly stupid questions thread,cdingo,28,191,2026-01-12 00:09:35,"Get your dunce hats out, Fittit, it's time for your weekly Stupid Questions Thread.

Post your question - stupid or otherwise - here to get an answer. Anyone can post a question and the community as a",https://www.reddit.com/r/Fitness/comments/1qap9cb/moronic_monday_your_weekly_stupid_questions_thread/,Fitness,2026-01-23 16:05:32
