timestamp,title,link
10 Hours Ago,Week in review: Stocks battled a flood of news and we booked some profits,https://www.cnbc.com/2026/01/17/week-in-review-stocks-battled-a-flood-of-news-and-we-booked-some-profits.html
10 Hours Ago,Trump threatens to sue JPMorgan Chase for 'debanking' him,https://www.cnbc.com/2026/01/17/trump-jpmorgan-chase-debanking.html
13 Hours Ago,Trump: NATO members to face tariffs up to 25% until a Greenland deal is struck,https://www.cnbc.com/2026/01/17/trump-greenland-tariffs-nato.html
14 Hours Ago,"Led by Texas, states race to prove they can put bitcoin on public balance sheet",https://www.cnbc.com/2026/01/17/texas-us-states-budgets-bitcoin-crypto-strategic-reserve.html
15 Hours Ago,Unshaken: Why Brazilian stocks have looked past the Venezuela attack,https://www.cnbc.com/2026/01/17/unshaken-why-brazilian-stocks-have-looked-past-the-venezuela-attack.html
15 Hours Ago,Bestselling author: How to create better habits without relying on discipline,https://www.cnbc.com/2026/01/17/james-clear-how-to-create-better-habits-without-relying-on-discipline.html
